<?xml version='1.0' encoding='UTF-8'?>
<metadata>
  <idinfo>
    <citation>
      <citeinfo>
        <origin>National Minerals Information Center</origin>
        <pubdate>2025</pubdate>
        <title>Mineral Commodity Summaries 2025 - QUARTZ (HIGH-PURITY AND INDUSTRIAL CULTURED CRYSTAL) Data Release</title>
        <geoform>tabular digital data</geoform>
        <onlink>https://doi.org/10.5066/P13XCP3R</onlink>
        <lworkcit>
          <citeinfo>
            <origin>National Minerals Information Center</origin>
            <pubdate>2025</pubdate>
            <title>Mineral Commodity Summaries 2025 Data Release</title>
            <geoform>tabular digital data</geoform>
            <onlink>https://www.usgs.gov/centers/national-minerals-information-center/mineral-commodity-summaries</onlink>
          </citeinfo>
        </lworkcit>
      </citeinfo>
    </citation>
    <descript>
      <abstract>This data release contains the U.S. salient statistics and world production data extracted from the QUARTZ (HIGH-PURITY AND INDUSTRIAL CULTURED CRYSTAL) data sheet of the USGS Mineral Commodity Summaries 2025.</abstract>
      <purpose>Published on an annual basis, the USGS Mineral Commodity Summaries report is the earliest Government publication to furnish estimates covering nonfuel mineral industry data. Data sheets contain information on the domestic industry structure, Government programs, tariffs, and 5-year salient statistics for over 90 individual minerals and materials.</purpose>
      <supplinf>Where possible, data are those finalized for publication in the 2023 U.S. Geological Survey Minerals Yearbook Volume I - Metals and Minerals. For 2024, USGS National Minerals Information Center provided estimates based on available data from USGS surveys of the industry, other industry sources, and mineral commodity specialist research.</supplinf>
    </descript>
    <timeperd>
      <timeinfo>
        <rngdates>
          <begdate>2020</begdate>
          <enddate>2024</enddate>
        </rngdates>
      </timeinfo>
      <current>ground condition</current>
    </timeperd>
    <status>
      <progress>Complete</progress>
      <update>Annually</update>
    </status>
    <spdom>
      <bounding>
        <westbc>-180.0000</westbc>
        <eastbc>180.0000</eastbc>
        <northbc>90.0000</northbc>
        <southbc>-90.0000</southbc>
      </bounding>
    </spdom>
    <keywords>
      <theme>
        <themekt>USGS Thesaurus</themekt>
        <themekey>nonmetallic mineral resources</themekey>
      </theme>
      <theme>
        <themekt>None</themekt>
        <themekey>Lascas</themekey>
        <themekey>Cultured quartz crystal</themekey>
        <themekey>Piezoelectric quartz</themekey>
        <themekey>Lumbered quartz</themekey>
        <themekey>As-grown cultured quartz</themekey>
        <themekey>Industrial quartz</themekey>
      </theme>
      <theme>
        <themekt>USGS Metadata Identifier</themekt>
        <themekey>USGS:63d1a51dd34e06fef150077e</themekey>
      </theme>
      <place>
        <placekt>Common geographic areas</placekt>
        <placekey>United States</placekey>
      </place>
    </keywords>
    <accconst>None.  Please see 'Distribution Info' for details.</accconst>
    <useconst>None.  Users are advised to read the dataset's metadata thoroughly to understand appropriate use and data limitations.</useconst>
    <ptcontac>
      <cntinfo>
        <cntperp>
          <cntper>Robert C Goodin</cntper>
          <cntorg>U.S. Geological Survey, NORTHEAST REGION</cntorg>
        </cntperp>
        <cntpos>Mineral Commodity Specialist</cntpos>
        <cntaddr>
          <addrtype>mailing address</addrtype>
          <address>Mail Stop 989, 12201 Sunrise Valley Dr</address>
          <city>Reston</city>
          <state>VA</state>
          <postal>20192</postal>
          <country>US</country>
        </cntaddr>
        <cntvoice>703-648-7710</cntvoice>
        <cntemail>rgoodin@usgs.gov</cntemail>
      </cntinfo>
    </ptcontac>
    <crossref>
      <citeinfo>
        <origin>National Minerals Information Center</origin>
        <pubdate>2025</pubdate>
        <title>USGS National Minerals Information Center Silica Web Page</title>
        <geoform>application/service</geoform>
        <othercit>Provides information and links to all available USGS National Minerals Information Center publications about QUARTZ (HIGH-PURITY AND INDUSTRIAL CULTURED CRYSTAL) by publication type and year.</othercit>
        <onlink>https://www.usgs.gov/centers/national-minerals-information-center/silica-statistics-and-information</onlink>
      </citeinfo>
    </crossref>
  </idinfo>
  <dataqual>
    <attracc>
      <attraccr>Where possible, data for all years except 2024 have been finalized for publication in the U.S. Geological Survey Minerals Yearbook Volume I - Metals and Minerals; otherwise the data are noted as estimated.</attraccr>
    </attracc>
    <logic>Data were checked to ensure that they match those published in the Mineral Commodity Summaries 2025. Data were peer reviewed by Mineral Commodity Specialists and approved by supervisors in compliance with USGS fundamental science practices.</logic>
    <complete>This data release contains tabular data found in the associated publication Mineral Commodity Summaries 2025 (MCS 2025); additional detailed information is available in the full text version of MCS 2025.</complete>
    <lineage>
      <srcinfo>
        <srccite>
          <citeinfo>
            <origin>National Minerals Information Center</origin>
            <pubdate>2024</pubdate>
            <title>USGS Minerals Yearbook Volume I - Metals and Minerals</title>
            <edition>2023</edition>
            <geoform>publication</geoform>
            <onlink>https://www.usgs.gov/centers/national-minerals-information-center/minerals-yearbook-metals-and-minerals</onlink>
          </citeinfo>
        </srccite>
        <typesrc>Digital and/or Hardcopy</typesrc>
        <srctime>
          <timeinfo>
            <rngdates>
              <begdate>2020</begdate>
              <enddate>2023</enddate>
            </rngdates>
          </timeinfo>
          <srccurr>ground condition</srccurr>
        </srctime>
        <srccitea>MYB Vol I</srccitea>
        <srccontr>Source of salient statistics for 2020 through 2023 and basis for estimates for 2024. The data in the Minerals Yearbook are based on USGS surveys sent to companies involved in the industry for each mineral commodity.</srccontr>
      </srcinfo>
      <srcinfo>
        <srccite>
          <citeinfo>
            <origin>U.S. Census Bureau</origin>
            <pubdate>2024</pubdate>
            <title>USA Trade Online</title>
            <geoform>tabular digital data</geoform>
            <onlink>https://usatrade.census.gov/</onlink>
          </citeinfo>
        </srccite>
        <typesrc>Digital and/or Hardcopy</typesrc>
        <srctime>
          <timeinfo>
            <rngdates>
              <begdate>2020</begdate>
              <enddate>2024</enddate>
            </rngdates>
          </timeinfo>
          <srccurr>ground truth</srccurr>
        </srctime>
        <srccitea>Census</srccitea>
        <srccontr>trade statistics for 2020 through 2023 and basis of trade statistics estimates for 2024</srccontr>
      </srcinfo>
      <procstep>
        <procdesc>Salient statistics for each mineral commodity were compiled from published 2023 U.S. Geological Survey Minerals Yearbook Volume I - Metals and Minerals chapters or from finalized tables of those to be published. Data for 2024 were estimated based on available 2024 data and industry trends. Estimates for world production were made for 2024 in collaboration with USGS National Minerals Information Center Global Minerals Analysis specialists using best available data.</procdesc>
        <srcused>MYB Vol I</srcused>
        <srcused>Census</srcused>
        <procdate>2024</procdate>
      </procstep>
    </lineage>
  </dataqual>
  <eainfo>
    <detailed>
      <enttyp>
        <enttypl>mcs2025_quart-salient.csv</enttypl>
        <enttypd>Comma Separated Value (CSV) file containing data.</enttypd>
        <enttypds>Producer Defined</enttypds>
      </enttyp>
      <attr>
  <attrlabl>DataSource</attrlabl><attrdef>Publication containing the data.</attrdef><attrdefs>Producer Defined</attrdefs><attrdomv>
    <edom>
      <edomv>MCS2025</edomv>
      <edomvd>Mineral Commodity Summaries 2025</edomvd>
      <edomvds>Producer defined</edomvds>
    </edom>
  </attrdomv>
</attr>
      <attr>
  <attrlabl>Commodity</attrlabl><attrdef>Mineral commodity for which the data were compiled.</attrdef><attrdefs>Producer Defined</attrdefs><attrdomv>
    <edom>
      <edomv>Quartz (high-purity and industrial cultured crystal)</edomv>
      <edomvd>Ground high-purity quartz (HPQ) is typically defined as ground natural quartz with less than 100 parts per million of impurities and has further defined standards for the concentrations of specific impurities allowed. Industrial cultured quartz crystal is electronic-grade quartz crystal that is manufactured, not mined.</edomvd>
      <edomvds>Producer defined</edomvds>
    </edom>
  </attrdomv>
</attr>
      <attr>
        <attrlabl>Year</attrlabl>
        <attrdef>Year for which the data were compiled.</attrdef>
        <attrdefs>Producer Defined</attrdefs>
        <attrdomv><rdom>
            <rdommin>2020</rdommin>
            <rdommax>2024</rdommax>
          </rdom>
        </attrdomv>
      </attr>
      <attr>
        <attrlabl>HPQ_Sold_Used_t</attrlabl>
        <attrdef>Ground high-purity quartz: Sold or used by producers. Estimated from a combination of publicly available data, published sources, and industry trends. Data are rounded to the nearest hundred thousand metric tons to avoid disclosing company proprietary data.</attrdef>
        <attrdefs>Producer Defined</attrdefs>
        <attrdomv><rdom>
            <rdommin>0</rdommin>
            <rdommax>1000000000</rdommax>
            <attrunit>metric tons</attrunit>
          </rdom>
        </attrdomv>
      </attr>
      <attr>
        <attrlabl>HPQ_Imports_t</attrlabl>
        <attrdef>Imports for consumption: ground high-purity quartz. Trade data for ground high-purity quartz are included in Harmonized Tariff Schedule of the United States (HTS) codes 2505.10.1000 and 2505.10.1050 but are mixed with other types of sand and quartz. A reliable estimate cannot be made.</attrdef>
        <attrdefs>Producer Defined</attrdefs>
        <attrdomv>
          <edom>
  <edomv>NA</edomv>
  <edomvd>No Data</edomvd>
  <edomvds>Producer defined</edomvds>
</edom>
        </attrdomv>
        <attrdomv><rdom>
            <rdommin>0</rdommin>
            <rdommax>1000000000</rdommax>
            <attrunit>metric tons</attrunit>
          </rdom>
        </attrdomv>
      </attr>
      <attr>
        <attrlabl>HPQ_Exports_t</attrlabl>
        <attrdef>Imports: ground high-purity quartz. Trade data for ground high-purity quartz are included in Harmonized Tariff Schedule of the United States (HTS) codes 2505.10.1000 and 2505.10.1050 but are mixed with other types of sand and quartz. A reliable estimate cannot be made.</attrdef>
        <attrdefs>Producer Defined</attrdefs>
        <attrdomv>
          <edom>
  <edomv>NA</edomv>
  <edomvd>No Data</edomvd>
  <edomvds>Producer defined</edomvds>
</edom>
        </attrdomv>
        <attrdomv><rdom>
            <rdommin>0</rdommin>
            <rdommax>1000000000</rdommax>
            <attrunit>metric tons</attrunit>
          </rdom>
        </attrdomv>
      </attr>
      <attr>
        <attrlabl>HPQ_Price_dt</attrlabl>
        <attrdef>Price, range of value, dollars per metric ton. Price is estimated from a combination of reported prices, trade data prices, and industry trends. Prices vary based on the percentage of quartz, percentage and type of impurities, and end use of the ground high-purity quartz.</attrdef>
        <attrdefs>Producer Defined</attrdefs>
        <attrdomv><rdom>
            <rdommin>0</rdommin>
            <rdommax>1000000000</rdommax>
            <attrunit>dollars per metric ton</attrunit>
          </rdom>
        </attrdomv>
      </attr>
      <attr>
        <attrlabl>HPQ_NIR_pct</attrlabl>
        <attrdef>Net import reliance as a percentage of apparent consumption. Net import reliance is defined as imports – exports. Data are estimated for the most recent year.</attrdef>
        <attrdefs>Producer Defined</attrdefs>
        <attrdomv>
          <edom>
  <edomv>E, NA</edomv>
  <edomvd>E: Net exporter
NA: Not Available</edomvd>
  <edomvds>Producer defined</edomvds>
</edom>
        </attrdomv>
        <attrdomv><rdom>
            <rdommin>E</rdommin>
            <rdommax>100</rdommax>
            <attrunit>Percent</attrunit>
          </rdom>
        </attrdomv>
      </attr>
      <attr>
        <attrlabl>CrystalProduction_t</attrlabl>
        <attrdef>U.S. production: Industrial cultured quartz crystal. Data are estimated for the most recent year.</attrdef>
        <attrdefs>Producer Defined</attrdefs>
        <attrdomv>
          <edom>
  <edomv>W</edomv>
  <edomvd>Withheld to avoid disclosing company proprietary data.</edomvd>
  <edomvds>Producer defined</edomvds>
</edom>
        </attrdomv>
        <attrdomv><rdom>
            <rdommin>0</rdommin>
            <rdommax>1000000000</rdommax>
            <attrunit>dollars per metric ton</attrunit>
          </rdom>
        </attrdomv>
      </attr>
      <attr>
        <attrlabl>CrystalImports, piezoelectric_t</attrlabl>
        <attrdef>Imports for consumption: Piezoelectric quartz, unmounted. Data are estimated for the most recent year.</attrdef>
        <attrdefs>Producer Defined</attrdefs>
        <attrdomv><rdom>
            <rdommin>0</rdommin>
            <rdommax>1000000000</rdommax>
            <attrunit>metric tons</attrunit>
          </rdom>
        </attrdomv>
      </attr>
      <attr>
        <attrlabl>CrystalExports, piezoelectric_t</attrlabl>
        <attrdef>Exports: Piezoelectric quartz, unmounted. Data are estimated for the most recent year. </attrdef>
        <attrdefs>Producer Defined</attrdefs>
        <attrdomv><rdom>
            <rdommin>0</rdommin>
            <rdommax>1000000000</rdommax>
            <attrunit>metric tons</attrunit>
          </rdom>
        </attrdomv>
      </attr>
      <attr>
        <attrlabl>CrystalPrice_cultured_dkg</attrlabl>
        <attrdef>Price, dollars per kilogram: As-grown cultured quartz. Data are estimated for all years. Price is estimated from a combination of reported prices, trade data prices, and industry trends</attrdef>
        <attrdefs>Producer Defined</attrdefs>
        <attrdomv><rdom>
            <rdommin>0</rdommin>
            <rdommax>1000000000</rdommax>
            <attrunit>dollars per kilogram</attrunit>
          </rdom>
        </attrdomv>
      </attr>
      <attr>
        <attrlabl>CrystalPrice_lumbered_dkg</attrlabl>
        <attrdef>Price, dollars per kilogram: Lumbered quartz. As-grown cultured quartz that has been processed by sawing and grinding. Data are estimated for all years. Price is estimated from a combination of reported prices, trade data prices, and industry trends.</attrdef>
        <attrdefs>Producer Defined</attrdefs>
        <attrdomv><rdom>
            <rdommin>0</rdommin>
            <rdommax>1000000000</rdommax>
            <attrunit>dollars per kilogram</attrunit>
          </rdom>
        </attrdomv>
      </attr>
      <attr>
        <attrlabl>CrystalNIR_pct</attrlabl>
        <attrdef>Net import reliance as a percentage of apparent consumption. Net import reliance is defined as imports – exports. Data are estimated for the most recent year.</attrdef>
        <attrdefs>Producer Defined</attrdefs>
        <attrdomv>
          <edom>
  <edomv>E, NA</edomv>
  <edomvd>E: Net exporter
NA: Not Available</edomvd>
  <edomvds>Producer defined</edomvds>
</edom>
        </attrdomv>
        <attrdomv><rdom>
            <rdommin>E</rdommin>
            <rdommax>100</rdommax>
            <attrunit>Percent</attrunit>
          </rdom>
        </attrdomv>
      </attr>
    </detailed>
    <overview>
      <eaover>One CSV file was produced from the data published in the Mineral Commodity Summaries 2025. This includes U.S. Salient Statistics for production, consumption, trade, and other data pertinent to QUARTZ CRYSTAL (INDUSTRIAL) for the years 2020 to 2024.</eaover>
      <eadetcit>Companion data for QUARTZ CRYSTAL (INDUSTRIAL) data sheet of Mineral Commodity Summaries 2025</eadetcit>
    </overview>
  </eainfo>
  <distinfo>
    <distrib>
      <cntinfo>
        <cntperp>
          <cntper>GS ScienceBase</cntper>
          <cntorg>U.S. Geological Survey</cntorg>
        </cntperp>
        <cntaddr>
          <addrtype>mailing address</addrtype>
          <address>Denver Federal Center, Building 810, Mail Stop 302</address>
          <city>Denver</city>
          <state>CO</state>
          <postal>80225</postal>
          <country>United States</country>
        </cntaddr>
        <cntvoice>1-888-275-8747</cntvoice>
        <cntemail>sciencebase@usgs.gov</cntemail>
      </cntinfo>
    </distrib>
    <distliab>Unless otherwise stated, all data, metadata and related materials are considered to satisfy the quality standards relative to the purpose for which the data were collected. Although these data and associated metadata have been reviewed for accuracy and completeness and approved for release by the U.S. Geological Survey (USGS), no warranty expressed or implied is made regarding the display or utility of the data on any other system or for general or scientific purposes, nor shall the act of distribution constitute any such warranty.</distliab>
    <stdorder>
      <digform><digtinfo>
          <formname>Digital Data</formname>
        </digtinfo>
        <digtopt><onlinopt><computer><networka><networkr>https://doi.org/10.5066/P13XCP3R</networkr></networka></computer></onlinopt></digtopt></digform>
      <fees>None</fees>
    </stdorder>
  </distinfo>
  <metainfo>
    <metd>20250126</metd>
    <metc>
      <cntinfo>
        <cntorgp>
          <cntorg>U.S. Geological Survey, Northeast Region</cntorg>
          <cntper>Robert M Callaghan</cntper>
        </cntorgp>
        <cntpos>Physical Scientist</cntpos>
        <cntaddr>
          <addrtype>mailing address</addrtype>
          <address>Mail Stop 989, 12201 Sunrise Valley Dr</address>
          <city>Reston</city>
          <state>VA</state>
          <postal>20192</postal>
          <country>US</country>
        </cntaddr>
        <cntvoice>703-648-7709</cntvoice>
        <cntfax>703-648-7757</cntfax>
        <cntemail>rcallaghan@usgs.gov</cntemail>
      </cntinfo>
    </metc>
    <metstdn>FGDC Content Standard for Digital Geospatial Metadata</metstdn>
    <metstdv>FGDC-STD-001-1998</metstdv>
  </metainfo>
</metadata>
