"comm_usgs","usgs_phy_unit","Statistics_detail"
"Abrasives (Manufactured)","metric ton","Price, average unit value of imports, dollars per metric ton: Fused aluminum oxide, crude"
"Abrasives (Manufactured)","metric ton","Price, average unit value of imports, dollars per metric ton: Fused aluminum oxide, ground and refined"
"Abrasives (Manufactured)","metric ton","Price, average unit value of imports, dollars per metric ton: Silicon carbide, crude"
"Abrasives (Manufactured)","metric ton","Price, average unit value of imports, dollars per metric ton: Metallic abrasives"
"Aluminum","pound","Price, ingot, average U.S. market (spot), cents per pound"
"Antimony","pound","Price, metal, average, dollars per pound"
"Arsenic","pound","Price, metal, annual average, U.S. warehouse, dollars per pound"
"Asbestos","ton","Price, average U.S. customs unit value of imports, dollars per ton"
"Barite","metric ton","Price, average unit value, ground, ex-works, dollars per metric ton"
"Bauxite","metric ton","Price, average unit value of imports, free alongside ship (f.a.s.), dollars per metric ton"
"Alumina","metric ton","Price, average unit value of imports, f.a.s., dollars per metric ton"
"Beryllium","kilogram","Price, annual average unit value, beryllium-copper master alloy, dollars per kilogram of contained beryllium"
"Bismuth","pound","Price, average, dollars per pound"
"Boron","metric ton","Price, average unit value of combined imports, cost, insurance, and freight, dollars per metric ton"
"Bromine","kilogram","Price, average unit value of imports (cost, insurance, and freight), dollars per kilogram, bromine content"
"Cadmium","kilogram","Price, metal, annual average, dollars per kilogram"
"Cement","metric ton","Price, average mill unit value, dollars per metric ton"
"Cesium","gram","1?gram ampoules of 99.8% (metal basis) cesium"
"Cesium","gram","1?gram ampoules of 99.9% (metal basis) cesium"
"Cesium","50 grams","50 grams of 99.9% (metal basis) cesium acetate"
"Cesium","50 grams","50 grams of 99.9% (metal basis) cesium bromide"
"Cesium","50 grams","50 grams of 99.9% (metal basis) cesium carbonate"
"Cesium","50 grams","50 grams of 99.9% (metal basis) cesium chloride"
"Cesium","50 grams","50 grams of 99.9% (metal basis) cesium iodide"
"Cesium","100 mililiters","cesium-plasma standard solution (10,000 micrograms per milliliter) , 100 milliliters"
"Cesium","25 grams","25 grams of 98% (metal basis) cesium formate"
"Chromium","metric ton","Price: Chromite ore (gross weight), dollars per metric ton"
"Chromium","pound","Price: Ferrochromium (chromium content), dollars per pound"
"Chromium","pound","Price: Chromium metal (gross weight), dollars per pound"
"Clays","metric ton","Price, average unit value, ex-works, dollars per metric ton: Ball clay"
"Clays","metric ton","Price, average unit value, ex-works, dollars per metric ton: Bentonite"
"Clays","metric ton","Price, average unit value, ex-works, dollars per metric ton: Common clay"
"Clays","metric ton","Price, average unit value, ex-works, dollars per metric ton: Fire clay"
"Clays","metric ton","Price, average unit value, ex-works, dollars per metric ton: Fuller’s earth"
"Clays","metric ton","Price, average unit value, ex-works, dollars per metric ton: Kaolin"
"Cobalt","pound","Price, average, dollars per pound: U.S. spot, cathode"
"Cobalt","pound","Price, average, dollars per pound: London Metal Exchange (LME), cash"
"Copper","pound","Price, annual average, cents per pound: U.S. producer, cathode (COMEX + premium)"
"Copper","pound","Price, annual average, cents per pound: COMEX, high-grade, first position"
"Copper","pound","Price, annual average, cents per pound: London Metal Exchange, grade A, cash"
"Diamond (Bort, grit, and dust and powder; natural and synthetic)","carat","Price, unit value of imports, dollars per carat"
"Diamond (Stones, natural and synthetic)","carat","Price, unit value of imports, dollars per carat"
"Diatomite","metric ton","Price, average value, f.o.b. plant, dollars per metric ton"
"Feldspar","metric ton","Price, average unit value, dollars per metric ton: Feldspar only, marketable production"
"Nepheline Syenite","metric ton","Price, average unit value, dollars per metric ton: Nepheline syenite, imports"
"Fluorspar","metric ton","Price, average unit value of imports, cost, insurance, and freight, dollars per metric ton: Acid grade"
"Fluorspar","metric ton","Price, average unit value of imports, cost, insurance, and freight, dollars per metric ton: Metallurgical grade"
"Gallium","kilogram","Price, average unit value of imports, dollars per kilogram"
"Garnet (Industrial)","metric ton","Price, average import unit value, dollars per metric ton"
"Germanium","kilogram","Price, annual average, dollars per kilogram: Germanium metal"
"Germanium","kilogram","Price, annual average, dollars per kilogram: Germanium dioxide"
"Gold","troy ounce","Price, dollars per troy ounce"
"Graphite (Natural)","metric ton","Price, average unit value of imports, dollars per metric ton at foreign ports: Flake"
"Graphite (Natural)","metric ton","Price, average unit value of imports, dollars per metric ton at foreign ports: Lump and chip (Sri Lanka)"
"Graphite (Natural)","metric ton","Price, average unit value of imports, dollars per metric ton at foreign ports: Amorphous"
"Gypsum","metric ton","Price, annual average, dollars per metric ton: Crude, free on board (f.o.b.) mine"
"Gypsum","metric ton","Price, annual average, dollars per metric ton: Calcined, f.o.b. plant"
"Indium","kilogram","Price, annual average, dollars per kilogram: U.S. warehouse, free on board"
"Indium","kilogram","Price, annual average, dollars per kilogram: Rotterdam, duties unpaid"
"Iodine","kilogram","Price, crude iodine, average unit value of imports (cost, insurance, and freight), dollars per kilogram"
"Iron And Steel Scrap","metric ton","Price, average, delivered, No. 1 heavy melting composite price, dollars per metric ton"
"Iron And Steel Slag","metric ton","Price, average unit value, free on board plant, dollars per metric ton"
"Iron Ore","metric ton","Price, average unit value reported by mines, dollars per metric ton"
"Iron Oxide Pigments","kilogram","Price, average unit value, dollars per kilogram"
"Kyanite And Related Minerals","metric ton","Price, average unit value of exports (free alongside ship), dollars per metric ton"
"Lead","pound","Price, average, North American, cents per pound"
"Lime","metric ton","Price, average value, dollars per metric ton at plant: Quicklime"
"Lime","metric ton","Price, average value, dollars per metric ton at plant: Hydrated"
"Lithium","metric ton","Price, annual average-real, battery-grade lithium carbonate, dollars per metric ton"
"Magnesium Metal","pound","Price, annual average: U.S. spot Western, dollars per pound"
"Magnesium Metal","metric ton","Price, annual average: European free market, dollars per metric ton"
"Manganese","metric ton","Price, average, manganese content, cost, insurance, and freight, China, dollars per metric ton unit"
"Mercury","kilogram","Price, average unit value of imports, dollars per kilogram"
"Mica (Natural)","metric ton","Price, average, dollars per metric ton: Scrap and flake"
"Mica (Natural)","metric ton","Price, average, dollars per metric ton: Ground: Dry"
"Mica (Natural)","metric ton","Price, average, dollars per metric ton: Ground: Wet"
"Mica (Natural)","kilogram","Price, average value, muscovite and phlogopite mica, dollars per kilogram: Splittings"
"Molybdenum","kilogram","Price, average, dollars per kilogram"
"Nickel","metric ton","Price, average annual, London Metal Exchange (LME), cash: Dollars per metric ton"
"Nickel","pound","Price, average annual, London Metal Exchange (LME), cash: Dollars per pound"
"Niobium (Columbium)","kilogram","Price, average unit value, ferroniobium, dollars per kilogram"
"Nitrogen (Fixed)—Ammonia","short ton","Price, average, free on board Gulf Coast, dollars per short ton"
"Peat","metric ton","Price, average unit value, f.o.b. mine, dollars per metric ton"
"Perlite","metric ton","Price, average value, free on board mine, dollars per metric ton"
"Phosphate Rock","metric ton","Price, average value, f.o.b. mine, dollars per metric ton"
"Palladium","troy ounce","Price, dollars per troy ounce: Palladium"
"Platinum","troy ounce","Price, dollars per troy ounce: Platinum"
"Iridium","troy ounce","Price, dollars per troy ounce: Iridium"
"Rhodium","troy ounce","Price, dollars per troy ounce: Rhodium"
"Ruthenium","troy ounce","Price, dollars per troy ounce: Ruthenium"
"Potash","metric ton","Price, average, f.o.b. mine, dollars per metric ton of K2O equivalent: All products"
"Potash","metric ton","Price, average, f.o.b. mine, dollars per metric ton of K2O equivalent: MOP"
"Pumice And Pumicite","metric ton","Price, average unit value, f.o.b. mine or mill, dollars per metric ton"
"Ground high-purity quartz","metric ton","Price, range of value, dollars per metric ton"
"Industrial cultured quartz crystal","kilogram","Price, as-grown cultured quartz, dollars per kilogram"
"Industrial cultured quartz crystal","kilogram","Price, lumbered quartz, dollars per kilogram"
"Lanthanum","kilogram","Price, average, dollars per kilogram: Lanthanum oxide, 99.5% minimum"
"Cerium","kilogram","Price, average, dollars per kilogram: Cerium oxide, 99.5% minimum"
"Rare Earths","kilogram","Price, average, dollars per kilogram: Mischmetal, 65% cerium, 35% lanthanum"
"Praseodymium","kilogram","Price, average, dollars per kilogram: Praseodymium oxide, 99.99% minimum"
"Neodymium","kilogram","Price, average, dollars per kilogram: Neodymium oxide, 99.5% minimum"
"Rare Earths","kilogram","Price, average, dollars per kilogram: Neodymium-praseodymium (NdPr) oxide, 99% minimum"
"Samarium","kilogram","Price, average, dollars per kilogram: Samarium oxide, 99.5% minimum"
"Europium","kilogram","Price, average, dollars per kilogram: Europium oxide, 99.99% minimum"
"Gadolinium","kilogram","Price, average, dollars per kilogram: Gadolinium oxide, 99.99% minimum"
"Terbium","kilogram","Price, average, dollars per kilogram: Terbium oxide, 99.99% minimum"
"Dysprosium","kilogram","Price, average, dollars per kilogram: Dysprosium oxide, 99.5% minimum"
"Holmium","kilogram","Price, average, dollars per kilogram: Holmium oxide, 99.5% minimum"
"Erbium","kilogram","Price, average, dollars per kilogram: Erbium oxide, 99.5%, minimum"
"Ytterbium","kilogram","Price, average, dollars per kilogram: Ytterbium oxide, 99.99% minimum"
"Lutetium","kilogram","Price, average, dollars per kilogram: Lutetium oxide, 99.99% minimum"
"Rhenium","kilogram","Price, average value, gross weight, dollars per kilogram: Metal, 99.99% pure"
"Rhenium","kilogram","Price, average value, gross weight, dollars per kilogram: Ammonium perrhenate"
"Rubidium","gram","1?gram ampoules of 99.75% (metal basis) rubidium"
"Rubidium","10-grams","10-gram ampoules of 99.8% (metal basis) rubidium formate hydrate"
"Rubidium","10-grams","10 grams of 99.8% (metal basis) rubidium acetate"
"Rubidium","10-grams","10 grams of 99.8% (metal basis) rubidium bromide"
"Rubidium","10-grams","10 grams of 99.8% (metal basis) rubidium carbonate"
"Rubidium","10-grams","10 grams of 99.8% (metal basis) rubidium chloride"
"Rubidium","10-grams","10 grams of 99.8% (metal basis) rubidium nitrate"
"Rubidium","100 milliliters","rubidium-plasma standard solution (10,000 micrograms per milliliter)"
"Salt","metric ton","Price, average unit value of bulk, pellets and packaged salt, free on board (f.o.b.) mine and plant, dollars per metric ton: Vacuum and open pan salt"
"Salt","metric ton","Price, average unit value of bulk, pellets and packaged salt, free on board (f.o.b.) mine and plant, dollars per metric ton: Solar salt"
"Salt","metric ton","Price, average unit value of bulk, pellets and packaged salt, free on board (f.o.b.) mine and plant, dollars per metric ton: Rock salt"
"Salt","metric ton","Price, average unit value of bulk, pellets and packaged salt, free on board (f.o.b.) mine and plant, dollars per metric ton: Salt in brine"
"Sand And Gravel (Construction)","metric ton","Price, average unit value, dollars per metric ton"
"Sand And Gravel (Industrial)","metric ton","Price, average value, dollars per metric ton"
"Scandium","kilogram","Price, global, dollars per kilogram, range of average values: Scandium oxide, powder, 99.99% purity, 5- to 100-kilogram lot size"
"Scandium","kilogram","Price, global, dollars per kilogram, range of average values: Scandium metal, ingot, 99.999% purity, 1- to 10-kilogram lot size"
"Scandium","kilogram","Price, global, dollars per kilogram, range of average values: Scandium-aluminum alloy, ingot,scandium 2%, 1- to 30-kilogram lot size"
"Selenium","kilogram","Price, annual average, dollars per kilogram: United States"
"Selenium","kilogram","Price, annual average, dollars per kilogram: Europe"
"Silicon","pound","Price, average, cents per pound of silicon: Ferrosilicon, 50% silicon"
"Silicon","pound","Price, average, cents per pound of silicon: Ferrosilicon, 75% silicon"
"Silicon","pound","Price, average, cents per pound of silicon: Silicon metal"
"Silver","troy ounce","Price, bullion, average, dollars per troy ounce"
"Soda Ash","metric ton","Price, average unit value of sales (natural source), free on board (f.o.b.) mine or plant: Dollars per metric ton"
"Soda Ash","short ton","Price, average unit value of sales (natural source), free on board (f.o.b.) mine or plant: Dollars per short ton"
"Stone (Crushed)","metric ton","Price, average unit value, dollars per metric ton"
"Strontium","ton","Price, average unit value of celestite imports at port of exportation, dollars per ton"
"Sulfur","metric ton","Price, average unit value, free on board, mine and (or) plant, dollars per metric ton of elemental sulfur"
"Talc And Pyrophyllite","metric ton","Price, average, milled, dollars per metric ton"
"Tantalum","kilogram","Price, tantalite, annual average, dollars per kilogram of tantalum oxide (Ta2O5) content"
"Tellurium","kilogram","Price, annual average, dollars per kilogram: United States"
"Tellurium","kilogram","Price, annual average, dollars per kilogram: Europe"
"Thallium","kilogram","Price, metal, dollars per kilogram,"
"Thorium","kilogram","Price, average unit value of imports, compounds, dollars per kilogram: France"
"Thorium","kilogram","Price, average unit value of imports, compounds, dollars per kilogram: India"
"Tin","pound","Price, average, cents per pound: New York dealer"
"Tin","pound","Price, average, cents per pound: London Metal Exchange (LME), cash"
"Titanium sponge metal","kilogram","Price, dollars per kilogram"
"TiO2 pigment","metric ton","Price, dollars per metric ton"
"Titanium Mineral Concentrates","metric ton","Price, dollars per metric ton: Rutile, bulk, minimum 95% TiO2, free on board (f.o.b.) Australia"
"Titanium Mineral Concentrates","metric ton","Price, dollars per metric ton: Ilmenite and leucoxene, bulk, f.o.b. Australia"
"Titanium Mineral Concentrates","metric ton","Price, dollars per metric ton: Ilmenite, average unit value of imports"
"Titanium Mineral Concentrates","metric ton","Price, dollars per metric ton: Slag, 80%–95% TiO2, average unit value of imports"
"Tungsten","dry metric ton unit","Price, concentrate, average in-warehouse Rotterdam, dollars per dry metric ton unit of tungsten trioxide"
"Vanadium","pound","Price, average, vanadium pentoxide, dollars per pound"
"Yttrium","kilogram","Price, average, dollars per kilogram: Y2O3, minimum 99.999% purity"
"Yttrium","kilogram","Price, average, dollars per kilogram: Yttrium metal, minimum 99.9% purity"
"Zeolites (Natural)","metric ton","Price, range of value, dollars per metric ton"
"Zinc","pound","Price, average, cents per pound: North American"
"Zinc","pound","Price, average, cents per pound: London Metal Exchange (LME), cash"
"Zirconium And Hafnium","metric ton","Price: Zircon, dollars per metric ton (gross weight): Premium grade, cost, insurance, and freight, China"
"Zirconium And Hafnium","metric ton","Price: Zircon, dollars per metric ton (gross weight): Imported"
"Zirconium","kilogram","Price: Zirconium, sponge, ex-works China, dollars per kilogram"
"Hafnium","kilogram","Price: Hafnium, unwrought, dollars per kilogram"
